Script started on Fri 27 Nov 2015 08:20:29 AM UTC
]0;fedora@COMP4003:~/A5[?1034h[fedora@COMP4003 A5]$ sqlplus

SQL*Plus: Release 11.2.0.2.0 Production on Fri Nov 27 08:20:33 2015

Copyright (c) 1982, 2011, Oracle.  All rights reserved.

Enter user-name: oracle11  
Enter password: 

Connected to:
Oracle Database 11g Express Edition Release 11.2.0.2.0 - 64bit Production

SQL> select c.name, value(p).name AS prereq_name
FROM course c, table(c.prereqs) p;  2  

NAME			  PREREQ_NAME
------------------------- -------------------------
Comp			  Math
Comp			  Chem
Java			  Comp
OS			  Comp
DBMS			  Java
DBMS			  OS

6 rows selected.

SQL> select c.name, cast(multiset(select distinct value(p).name 
                             FROM table(c.prereqs) p) AS preq_nt)
FROM course c;  2    3  

NAME
-------------------------
CAST(MULTISET(SELECTDISTINCTVALUE(P).NAMEFROMTABLE(C.PREREQS)P)ASPREQ_NT)(NAME)
--------------------------------------------------------------------------------
Math
PREQ_NT()

Chem
PREQ_NT()

Comp
PREQ_NT(PREQ_T('Chem'), PREQ_T('Math'))


NAME
-------------------------
CAST(MULTISET(SELECTDISTINCTVALUE(P).NAMEFROMTABLE(C.PREREQS)P)ASPREQ_NT)(NAME)
--------------------------------------------------------------------------------
Java
PREQ_NT(PREQ_T('Comp'))

OS
PREQ_NT(PREQ_T('Comp'))

DBMS
PREQ_NT(PREQ_T('Java'), PREQ_T('OS'))


6 rows selected.

SQL> set pages     li  pagesize 5000
SQL> set linesize 50  100
SQL> select c.name, cast(multiset(select distinct value(p).name 
                             FROM table(c.prereqs) p) AS preq_nt)
FROM course c;  2    3  

NAME
-------------------------
CAST(MULTISET(SELECTDISTINCTVALUE(P).NAMEFROMTABLE(C.PREREQS)P)ASPREQ_NT)(NAME)
----------------------------------------------------------------------------------------------------
Math
PREQ_NT()

Chem
PREQ_NT()

Comp
PREQ_NT(PREQ_T('Chem'), PREQ_T('Math'))

Java
PREQ_NT(PREQ_T('Comp'))

OS
PREQ_NT(PREQ_T('Comp'))

DBMS
PREQ_NT(PREQ_T('Java'), PREQ_T('OS'))


6 rows selected.

SQL> select c.name, COUNT(*)
FROM course c , table(c.prereqs) p
group by c.name;  2    3  

NAME			    COUNT(*)
------------------------- ----------
Comp				   2
DBMS				   2
Java				   1
OS				   1

SQL> select c.name
FROM course c, table(c.prereqs) p
group by c.name
having count(*) >= 2;
  2    3    4  
NAME
-------------------------
Comp
DBMS

SQL> 
SQL> select s.name, cast(multiset(select distinct value(c).name 
                             FROM table(s.courses) c) AS cs_nt)
FROM student s;  2    3  

NAME
--------------------
CAST(MULTISET(SELECTDISTINCTVALUE(C).NAMEFROMTABLE(S.COURSES)C)ASCS_NT)(NAME)
----------------------------------------------------------------------------------------------------
Alan
CS_NT(CS_T('Chem'), CS_T('Math'))

Beth
CS_NT()

Cole
CS_NT(CS_T('Java'))

Dora
CS_NT(CS_T('Comp'))

Jack
CS_NT(CS_T('DBMS'), CS_T('Java'))

Lisa
CS_NT(CS_T('OS'))

Mike
CS_NT(CS_T('DBMS'))

Sara
CS_NT(CS_T('OS'))


8 rows selected.

SQL> select c.name, cast (multiset(select distinct value(s).name 
                              FROM table(c.students) s
                              WHERE value(s).gender = 'M') AS stu_nt)
FROM course c;  2    3    4  

NAME
-------------------------
CAST(MULTISET(SELECTDISTINCTVALUE(S).NAMEFROMTABLE(C.STUDENTS)SWHEREVALUE(S).GENDER='M')ASSTU_NT)(NA
----------------------------------------------------------------------------------------------------
Math
STU_NT(STU_T('Alan'))

Chem
STU_NT(STU_T('Alan'))

Comp
STU_NT()

Java
STU_NT(STU_T('Cole'), STU_T('Jack'))

OS
STU_NT()

DBMS
STU_NT(STU_T('Jack'), STU_T('Mike'))


6 rows selected.

SQL> select c.name, cast (multiset(select value(s).name
                              FROM table(c.students) s
                              WHERE EXISTS (select * 
                                            from student x 
                                            where value(x) is of (grad_t) 
                                            and value(s).name = value(x).name)) AS stu_nt)
from course c;  2    3    4    5    6    7  

NAME
-------------------------
CAST(MULTISET(SELECTVALUE(S).NAMEFROMTABLE(C.STUDENTS)SWHEREEXISTS(SELECT*FROMSTUDENTXWHEREVALUE(X)I
----------------------------------------------------------------------------------------------------
Math
STU_NT()

Chem
STU_NT()

Comp
STU_NT()

Java
STU_NT(STU_T('Jack'))

OS
STU_NT(STU_T('Lisa'), STU_T('Sara'))

DBMS
STU_NT(STU_T('Jack'), STU_T('Mike'))


6 rows selected.

SQL> select c.name, cast (multiset(select value(s).name
                              FROM table(c.students) s
                              WHERE EXISTS (select * 
                                            from student x 
                                            where value(x) is of (grad_t) 
                                            and value(s).name = value(x).name
                                            AND value(s).gender = 'M')) AS stu_nt)
from course c;  2    3    4    5    6    7    8  

NAME
-------------------------
CAST(MULTISET(SELECTVALUE(S).NAMEFROMTABLE(C.STUDENTS)SWHEREEXISTS(SELECT*FROMSTUDENTXWHEREVALUE(X)I
----------------------------------------------------------------------------------------------------
Math
STU_NT()

Chem
STU_NT()

Comp
STU_NT()

Java
STU_NT(STU_T('Jack'))

OS
STU_NT()

DBMS
STU_NT(STU_T('Jack'), STU_T('Mike'))


6 rows selected.

SQL> select DISTINCT c.name
from course c
where c.name not in (select distinct value(crs).name
              FROM student s, table (s.courses) crs
              WHERE value(s) is of (undergrad_t));  2    3    4    5  

NAME
-------------------------
DBMS
OS

SQL> select DISTINCT c.name
from course c, table(c.students) stu
where c.name not in (select distinct value(crs).name
              FROM student s, table (s.courses) crs
              WHERE value(s) is of (undergrad_t))
AND value(stu).gender = 'M';  2    3    4    5    6  

NAME
-------------------------
DBMS

SQL> exit
Disconnected from Oracle Database 11g Express Edition Release 11.2.0.2.0 - 64bit Production
]0;fedora@COMP4003:~/A5[fedora@COMP4003 A5]$ exit

Script done on Fri 27 Nov 2015 08:23:13 AM UTC
